[{"model": "registrasion.category", "pk": 1, "fields": {"name": "Ticket", "description": "Conference tickets", "limit_per_user": 1, "required": true, "order": 1, "render_type": 1}}, {"model": "registrasion.category", "pk": 2, "fields": {"name": "Penguin Dinner Ticket", "description": "Tickets to the Penguin Dinner on Wednesday night", "limit_per_user": null, "required": false, "order": 20, "render_type": 2}}, {"model": "registrasion.category", "pk": 3, "fields": {"name": "Speakers Dinner Ticket", "description": "Ticket to the Speakers Dinner on Tuesday Night", "limit_per_user": null, "required": false, "order": 30, "render_type": 2}}, {"model": "registrasion.category", "pk": 4, "fields": {"name": "Professional Delegates Networking Breakfast", "description": "Tickets to the Professional Delegates Networking Breakfast on Thursday Morning", "limit_per_user": 1, "required": false, "order": 40, "render_type": 1}}, {"model": "registrasion.category", "pk": 5, "fields": {"name": "T-Shirt", "description": "Conference t-shirts featuring the secret conference t-shirt design", "limit_per_user": null, "required": false, "order": 50, "render_type": 2}}, {"model": "registrasion.category", "pk": 6, "fields": {"name": "Accommodation", "description": "Accommodation at the student dormitories. You may only order the full 6 nights.", "limit_per_user": null, "required": false, "order": 60, "render_type": 2}}, {"model": "registrasion.category", "pk": 7, "fields": {"name": "Extra nights of accommodation", "description": "Extra nights at the university dorms", "limit_per_user": null, "required": false, "order": 80, "render_type": 2}}, {"model": "registrasion.product", "pk": 1, "fields": {"name": "Professional", "description": "", "category": 1, "price": "1000.00", "limit_per_user": null, "reservation_duration": "1 00:00:00", "order": 10}}, {"model": "registrasion.product", "pk": 2, "fields": {"name": "Hobbyist", "description": "", "category": 1, "price": "450.00", "limit_per_user": null, "reservation_duration": "1 00:00:00", "order": 20}}, {"model": "registrasion.product", "pk": 3, "fields": {"name": "Student", "description": "", "category": 1, "price": "160.00", "limit_per_user": null, "reservation_duration": "1 00:00:00", "order": 30}}, {"model": "registrasion.product", "pk": 4, "fields": {"name": "Speaker", "description": "", "category": 1, "price": "0.00", "limit_per_user": null, "reservation_duration": "1 00:00:00", "order": 40}}, {"model": "registrasion.product", "pk": 5, "fields": {"name": "Volunteer", "description": "", "category": 1, "price": "0.00", "limit_per_user": null, "reservation_duration": "1 00:00:00", "order": 50}}, {"model": "registrasion.product", "pk": 6, "fields": {"name": "Media", "description": "", "category": 1, "price": "0.00", "limit_per_user": null, "reservation_duration": "1 00:00:00", "order": 60}}, {"model": "registrasion.product", "pk": 7, "fields": {"name": "Fairy Penguin Sponsor", "description": "", "category": 1, "price": "2000.00", "limit_per_user": null, "reservation_duration": "1 00:00:00", "order": 5}}, {"model": "registrasion.product", "pk": 8, "fields": {"name": "Adult", "description": "", "category": 2, "price": "95.00", "limit_per_user": null, "reservation_duration": "01:00:00", "order": 10}}, {"model": "registrasion.product", "pk": 9, "fields": {"name": "Child", "description": "", "category": 2, "price": "40.00", "limit_per_user": null, "reservation_duration": "01:00:00", "order": 20}}, {"model": "registrasion.product", "pk": 10, "fields": {"name": "Infant", "description": "(In lap, no meal provided)", "category": 2, "price": "0.00", "limit_per_user": null, "reservation_duration": "01:00:00", "order": 30}}, {"model": "registrasion.product", "pk": 11, "fields": {"name": "Adult", "description": "", "category": 3, "price": "100.00", "limit_per_user": null, "reservation_duration": "01:00:00", "order": 10}}, {"model": "registrasion.product", "pk": 12, "fields": {"name": "Child", "description": "", "category": 3, "price": "40.00", "limit_per_user": null, "reservation_duration": "01:00:00", "order": 20}}, {"model": "registrasion.product", "pk": 13, "fields": {"name": "Infant", "description": "(In lap, no meal)", "category": 3, "price": "0.00", "limit_per_user": null, "reservation_duration": "01:00:00", "order": 30}}, {"model": "registrasion.product", "pk": 14, "fields": {"name": "Ticket", "description": "", "category": 4, "price": "0.00", "limit_per_user": null, "reservation_duration": "01:00:00", "order": 10}}, {"model": "registrasion.product", "pk": 15, "fields": {"name": "Men's S", "description": "", "category": 5, "price": "25.00", "limit_per_user": null, "reservation_duration": "01:00:00", "order": 10}}, {"model": "registrasion.product", "pk": 16, "fields": {"name": "Men's M", "description": "", "category": 5, "price": "25.00", "limit_per_user": null, "reservation_duration": "01:00:00", "order": 20}}, {"model": "registrasion.product", "pk": 17, "fields": {"name": "Men's L", "description": "", "category": 5, "price": "25.00", "limit_per_user": null, "reservation_duration": "01:00:00", "order": 30}}, {"model": "registrasion.product", "pk": 18, "fields": {"name": "Women's S", "description": "", "category": 5, "price": "25.00", "limit_per_user": null, "reservation_duration": "01:00:00", "order": 40}}, {"model": "registrasion.product", "pk": 19, "fields": {"name": "Women's M", "description": "", "category": 5, "price": "25.00", "limit_per_user": null, "reservation_duration": "01:00:00", "order": 50}}, {"model": "registrasion.product", "pk": 20, "fields": {"name": "Women's L", "description": "", "category": 5, "price": "25.00", "limit_per_user": null, "reservation_duration": "01:00:00", "order": 60}}, {"model": "registrasion.product", "pk": 21, "fields": {"name": "Sunday 24-Saturday 30", "description": "6 nights of accommodation", "category": 6, "price": "480.00", "limit_per_user": null, "reservation_duration": "01:00:00", "order": 10}}, {"model": "registrasion.product", "pk": 22, "fields": {"name": "Saturday 23", "description": "", "category": 7, "price": "60.00", "limit_per_user": null, "reservation_duration": "01:00:00", "order": 10}}, {"model": "registrasion.product", "pk": 23, "fields": {"name": "Saturday 30", "description": "", "category": 7, "price": "60.00", "limit_per_user": null, "reservation_duration": "01:00:00", "order": 10}}, {"model": "registrasion.voucher", "pk": 1, "fields": {"recipient": "Discount Corp 1", "code": "DISCOUNT1", "limit": 10}}, {"model": "registrasion.voucher", "pk": 2, "fields": {"recipient": "Discount Corp 2", "code": "DISCOUNT2", "limit": 100}}, {"model": "registrasion.voucher", "pk": 3, "fields": {"recipient": "Discount Corp 3", "code": "DISCOUNT3", "limit": 100}}, {"model": "registrasion.voucher", "pk": 4, "fields": {"recipient": "Discount Corp 4", "code": "DISCOUNT 4", "limit": 100}}, {"model": "registrasion.voucher", "pk": 5, "fields": {"recipient": "Speakers", "code": "IMASPEAKER", "limit": 999}}, {"model": "registrasion.voucher", "pk": 6, "fields": {"recipient": "Media", "code": "IMTHEPRESS", "limit": 999}}, {"model": "registrasion.voucher", "pk": 7, "fields": {"recipient": "Finaid recipients", "code": "FINAID", "limit": 10}}, {"model": "registrasion.discountbase", "pk": 1, "fields": {"description": "Fairy Penguin Inclusions"}}, {"model": "registrasion.discountbase", "pk": 2, "fields": {"description": "Professional Ticket Inclusions"}}, {"model": "registrasion.discountbase", "pk": 3, "fields": {"description": "Hobbyist Ticket Inclusions"}}, {"model": "registrasion.discountbase", "pk": 4, "fields": {"description": "Student Ticket Inclusions"}}, {"model": "registrasion.discountbase", "pk": 5, "fields": {"description": "Speaker Ticket Inclusions"}}, {"model": "registrasion.discountbase", "pk": 6, "fields": {"description": "Volunteer Ticket Inclusions"}}, {"model": "registrasion.discountbase", "pk": 7, "fields": {"description": "Media Ticket Inclusions"}}, {"model": "registrasion.discountbase", "pk": 8, "fields": {"description": "Early Bird"}}, {"model": "registrasion.discountbase", "pk": 9, "fields": {"description": "Complimentary ticket for DiscountCorp 1"}}, {"model": "registrasion.discountbase", "pk": 10, "fields": {"description": "Complimentary ticket for DiscountCorp 2"}}, {"model": "registrasion.discountbase", "pk": 11, "fields": {"description": "Complimentary ticket for DiscountCorp 3"}}, {"model": "registrasion.discountbase", "pk": 12, "fields": {"description": "Complimentary ticket for DiscountCorp 4"}}, {"model": "registrasion.discountbase", "pk": 13, "fields": {"description": "Financial Assistance Recipient"}}, {"model": "registrasion.discountforproduct", "pk": 1, "fields": {"discount": 8, "product": 1, "percentage": null, "price": "200.00", "quantity": 1}}, {"model": "registrasion.discountforproduct", "pk": 2, "fields": {"discount": 8, "product": 2, "percentage": null, "price": "100.00", "quantity": 1}}, {"model": "registrasion.discountforproduct", "pk": 3, "fields": {"discount": 9, "product": 1, "percentage": "100.0", "price": null, "quantity": 1}}, {"model": "registrasion.discountforproduct", "pk": 4, "fields": {"discount": 10, "product": 1, "percentage": "100.0", "price": null, "quantity": 1}}, {"model": "registrasion.discountforproduct", "pk": 5, "fields": {"discount": 11, "product": 1, "percentage": "100.0", "price": null, "quantity": 1}}, {"model": "registrasion.discountforproduct", "pk": 6, "fields": {"discount": 12, "product": 1, "percentage": "100.0", "price": null, "quantity": 1}}, {"model": "registrasion.discountforproduct", "pk": 7, "fields": {"discount": 13, "product": 2, "percentage": "100.0", "price": null, "quantity": 1}}, {"model": "registrasion.discountforcategory", "pk": 1, "fields": {"discount": 1, "category": 2, "percentage": "100.0", "quantity": 1}}, {"model": "registrasion.discountforcategory", "pk": 2, "fields": {"discount": 1, "category": 5, "percentage": "100.0", "quantity": 1}}, {"model": "registrasion.discountforcategory", "pk": 3, "fields": {"discount": 2, "category": 2, "percentage": "100.0", "quantity": 1}}, {"model": "registrasion.discountforcategory", "pk": 4, "fields": {"discount": 2, "category": 5, "percentage": "100.0", "quantity": 1}}, {"model": "registrasion.discountforcategory", "pk": 5, "fields": {"discount": 3, "category": 5, "percentage": "100.0", "quantity": 1}}, {"model": "registrasion.discountforcategory", "pk": 6, "fields": {"discount": 4, "category": 5, "percentage": "100.0", "quantity": 1}}, {"model": "registrasion.discountforcategory", "pk": 7, "fields": {"discount": 5, "category": 2, "percentage": "100.0", "quantity": 1}}, {"model": "registrasion.discountforcategory", "pk": 8, "fields": {"discount": 5, "category": 3, "percentage": "100.0", "quantity": 1}}, {"model": "registrasion.discountforcategory", "pk": 9, "fields": {"discount": 5, "category": 5, "percentage": "100.0", "quantity": 1}}, {"model": "registrasion.discountforcategory", "pk": 10, "fields": {"discount": 6, "category": 2, "percentage": "100.0", "quantity": 1}}, {"model": "registrasion.discountforcategory", "pk": 11, "fields": {"discount": 6, "category": 5, "percentage": "100.0", "quantity": 5}}, {"model": "registrasion.discountforcategory", "pk": 12, "fields": {"discount": 7, "category": 5, "percentage": "100.0", "quantity": 1}}, {"model": "registrasion.timeorstocklimitdiscount", "pk": 8, "fields": {"start_time": null, "end_time": null, "limit": 160}}, {"model": "registrasion.voucherdiscount", "pk": 9, "fields": {"voucher": 1}}, {"model": "registrasion.voucherdiscount", "pk": 10, "fields": {"voucher": 2}}, {"model": "registrasion.voucherdiscount", "pk": 11, "fields": {"voucher": 3}}, {"model": "registrasion.voucherdiscount", "pk": 12, "fields": {"voucher": 4}}, {"model": "registrasion.voucherdiscount", "pk": 13, "fields": {"voucher": 7}}, {"model": "registrasion.includedproductdiscount", "pk": 1, "fields": {"enabling_products": [7]}}, {"model": "registrasion.includedproductdiscount", "pk": 2, "fields": {"enabling_products": [1]}}, {"model": "registrasion.includedproductdiscount", "pk": 3, "fields": {"enabling_products": [2]}}, {"model": "registrasion.includedproductdiscount", "pk": 4, "fields": {"enabling_products": [3]}}, {"model": "registrasion.includedproductdiscount", "pk": 5, "fields": {"enabling_products": [4]}}, {"model": "registrasion.includedproductdiscount", "pk": 6, "fields": {"enabling_products": [5]}}, {"model": "registrasion.includedproductdiscount", "pk": 7, "fields": {"enabling_products": [6]}}, {"model": "registrasion.flagbase", "pk": 1, "fields": {"description": "PDNS availability", "condition": 2, "products": [], "categories": [4]}}, {"model": "registrasion.flagbase", "pk": 2, "fields": {"description": "Speakers dinner availability", "condition": 2, "products": [], "categories": [3]}}, {"model": "registrasion.flagbase", "pk": 3, "fields": {"description": "Accommodation enables extra nights", "condition": 2, "products": [], "categories": [7]}}, {"model": "registrasion.flagbase", "pk": 4, "fields": {"description": "Penguin Dinner Limit", "condition": 1, "products": [], "categories": [2]}}, {"model": "registrasion.flagbase", "pk": 5, "fields": {"description": "Speakers dinner limit", "condition": 2, "products": [], "categories": [3]}}, {"model": "registrasion.flagbase", "pk": 6, "fields": {"description": "Conference capacity limit", "condition": 2, "products": [], "categories": [1]}}, {"model": "registrasion.flagbase", "pk": 7, "fields": {"description": "PDNS limit", "condition": 2, "products": [], "categories": [4]}}, {"model": "registrasion.flagbase", "pk": 8, "fields": {"description": "IMASPEAKER enables Speaker things", "condition": 2, "products": [4], "categories": [3]}}, {"model": "registrasion.flagbase", "pk": 9, "fields": {"description": "IMTHEPRESS gets Media ticket", "condition": 2, "products": [6], "categories": []}}, {"model": "registrasion.timeorstocklimitflag", "pk": 4, "fields": {"start_time": null, "end_time": null, "limit": 500, "products": [], "categories": [2]}}, {"model": "registrasion.timeorstocklimitflag", "pk": 5, "fields": {"start_time": null, "end_time": null, "limit": 120, "products": [], "categories": [3]}}, {"model": "registrasion.timeorstocklimitflag", "pk": 6, "fields": {"start_time": null, "end_time": null, "limit": 870, "products": [], "categories": [1]}}, {"model": "registrasion.timeorstocklimitflag", "pk": 7, "fields": {"start_time": null, "end_time": null, "limit": 400, "products": [], "categories": [4]}}, {"model": "registrasion.productflag", "pk": 1, "fields": {"products": [], "categories": [4], "enabling_products": [7, 1, 4, 5, 6]}}, {"model": "registrasion.productflag", "pk": 2, "fields": {"products": [], "categories": [3], "enabling_products": [4]}}, {"model": "registrasion.productflag", "pk": 3, "fields": {"products": [], "categories": [7], "enabling_products": [21]}}, {"model": "registrasion.voucherflag", "pk": 8, "fields": {"voucher": 5, "products": [4], "categories": [3]}}, {"model": "registrasion.voucherflag", "pk": 9, "fields": {"voucher": 6, "products": [6], "categories": []}}]